,Symbol
0,AACG
1,AACQ
2,AAL
3,AAME
4,AAOI
5,AAON
6,AAPL
7,AAWW
8,ABCB
9,ABCL
10,ABCM
11,ABEO
12,ABIO
13,ABMD
14,ABNB
15,ABST
16,ABTX
17,ABUS
18,ACACU
19,ACAD
20,ACBI
21,ACCD
22,ACER
23,ACET
24,ACEV
25,ACEVU
26,ACGL
27,ACHC
28,ACHV
29,ACIA
30,ACIU
31,ACIW
32,ACKIU
33,ACLS
34,ACMR
35,ACNB
36,ACOR
37,ACRS
38,ACRX
39,ACST
40,ACTC
41,ACTCU
42,ACTG
43,ADAP
44,ADBE
45,ADERU
46,ADES
47,ADI
48,ADIL
49,ADMA
50,ADMP
51,ADMS
52,ADOC
53,ADP
54,ADPT
55,ADSK
56,ADTN
57,ADTX
58,ADUS
59,ADV
60,ADVM
61,ADXN
62,ADXS
63,AEGN
64,AEHL
65,AEHR
66,AEIS
67,AEMD
68,AEP
69,AERI
70,AESE
71,AEY
72,AEYE
73,AEZS
74,AFBI
75,AFIB
76,AFIN
77,AFINO
78,AFMD
79,AFRM
80,AFYA
81,AGCUU
82,AGEN
83,AGFS
84,AGFY
85,AGIO
86,AGLE
87,AGMH
88,AGNC
89,AGRX
90,AGTC
91,AGYS
92,AHACU
93,AHCO
94,AHPI
95,AIH
96,AIHS
97,AIKI
98,AIMC
99,AINV
100,AIRG
101,AIRT
102,AKAM
103,AKBA
104,AKER
105,AKRO
106,AKTS
107,AKTX
108,AKUS
109,ALAC
110,ALBO
111,ALCO
112,ALDX
113,ALEC
114,ALGM
115,ALGN
116,ALGS
117,ALGT
118,ALIM
119,ALJJ
120,ALKS
121,ALLK
122,ALLO
123,ALLT
124,ALNA
125,ALNY
126,ALOT
127,ALPN
128,ALRM
129,ALRN
130,ALRS
131,ALSK
132,ALT
133,ALTA
134,ALTM
135,ALTO
136,ALTR
137,ALTUU
138,ALVR
139,ALXN
140,ALXO
141,ALYA
142,AMAL
143,AMAT
144,AMBA
145,AMCI
146,AMCX
147,AMD
148,AMED
149,AMEH
150,AMGN
151,AMKR
152,AMNB
153,AMOT
154,AMPH
155,AMRB
156,AMRK
157,AMRN
158,AMRS
159,AMSC
160,AMSF
161,AMST
162,AMSWA
163,AMTB
164,AMTI
165,AMTX
166,AMWD
167,AMYT
168,AMZN
169,ANAB
170,ANAT
171,ANCN
172,ANDA
173,ANDE
174,ANGI
175,ANGO
176,ANIK
177,ANIP
178,ANIX
179,ANNX
180,ANPC
181,ANSS
182,ANTE
183,ANY
184,AOSL
185,AOUT
186,APA
187,APDN
188,APEI
189,APEN
190,APHA
191,API
192,APLS
193,APLT
194,APM
195,APOG
196,APOP
197,APPF
198,APPH
199,APPN
200,APPS
201,APRE
202,APTO
203,APTX
204,APVO
205,APWC
206,APXT
207,APYX
208,AQB
209,AQMS
210,AQST
211,ARAV
212,ARAY
213,ARBGU
214,ARCB
215,ARCC
216,ARCE
217,ARCT
218,ARDS
219,ARDX
220,AREC
221,ARGX
222,ARKO
223,ARKR
224,ARLP
225,ARNA
226,AROW
227,ARPO
228,ARQT
229,ARRY
230,ARTL
231,ARTNA
232,ARTW
233,ARVN
234,ARWR
235,ARYA
236,ASLE
237,ASLN
238,ASMB
239,ASML
240,ASND
241,ASO
242,ASPS
243,ASPU
244,ASRT
245,ASRV
246,ASTC
247,ASTE
248,ASUR
249,ASYS
250,ATAX
251,ATCX
252,ATEC
253,ATEX
254,ATHA
255,ATHE
256,ATHX
257,ATIF
258,ATLC
259,ATLO
260,ATNF
261,ATNI
262,ATNX
263,ATOM
264,ATOS
265,ATRA
266,ATRC
267,ATRI
268,ATRO
269,ATRS
270,ATSG
271,ATVI
272,ATXI
273,AUB
274,AUBN
275,AUDC
276,AUPH
277,AUTL
278,AUTO
279,AUVI
280,AVAV
281,AVCO
282,AVCT
283,AVDL
284,AVEO
285,AVGO
286,AVGR
287,AVID
288,AVIR
289,AVNW
290,AVO
291,AVRO
292,AVT
293,AVXL
294,AWH
295,AWRE
296,AXAS
297,AXDX
298,AXGN
299,AXLA
300,AXNX
301,AXON
302,AXSM
303,AXTI
304,AY
305,AYLA
306,AYRO
307,AYTU
308,AZN
309,AZPN
310,AZRX
311,AZYO
312,BAND
313,BANF
314,BANR
315,BANX
316,BASI
317,BATRA
318,BATRK
319,BBBY
320,BBCP
321,BBGI
322,BBI
323,BBIG
324,BBIO
325,BBQ
326,BBSI
327,BCAB
328,BCBP
329,BCDA
330,BCEL
331,BCLI
332,BCML
333,BCOR
334,BCOV
335,BCPC
336,BCRX
337,BCTG
338,BCYC
339,BDSI
340,BDSX
341,BDTX
342,BEAM
343,BEAT
344,BECN
345,BEEM
346,BELFB
347,BENE
348,BENEU
349,BFI
350,BFIN
351,BFRA
352,BFST
353,BGCP
354,BGFV
355,BGNE
356,BHAT
357,BHF
358,BHFAN
359,BHSEU
360,BHTG
361,BIDU
362,BIGC
363,BIIB
364,BILI
365,BIMI
366,BIOC
367,BIOL
368,BIVI
369,BJRI
370,BKCC
371,BKEP
372,BKNG
373,BKSC
374,BKYI
375,BL
376,BLBD
377,BLCM
378,BLCT
379,BLDP
380,BLDR
381,BLFS
382,BLI
383,BLIN
384,BLKB
385,BLMN
386,BLNK
387,BLPH
388,BLRX
389,BLSA
390,BLTSU
391,BLU
392,BLUE
393,BLUWU
394,BMRA
395,BMRC
396,BMRN
397,BMTC
398,BNFT
399,BNGO
400,BNR
401,BNSO
402,BNTC
403,BNTX
404,BOCH
405,BOKF
406,BOMN
407,BOOM
408,BOSC
409,BOTJ
410,BOWXU
411,BOXL
412,BPFH
413,BPMC
414,BPOP
415,BPTH
416,BPY
417,BPYU
418,BREZ
419,BRID
420,BRKL
421,BRKR
422,BRKS
423,BRLI
424,BRLIU
425,BROG
426,BRP
427,BRPA
428,BRQS
429,BRY
430,BSBK
431,BSET
432,BSGM
433,BSQR
434,BSRR
435,BSY
436,BTAI
437,BTAQ
438,BTBT
439,BTNB
440,BTRS
441,BTWN
442,BTWNU
443,BUSE
444,BVXV
445,BWAC
446,BWACU
447,BWAY
448,BWB
449,BWEN
450,BWFG
451,BWMX
452,BXRX
453,BYFC
454,BYND
455,BYSI
456,BZUN
457,CAAS
458,CABA
459,CAC
460,CACC
461,CAHCU
462,CAKE
463,CALA
464,CALM
465,CALT
466,CAMP
467,CAMT
468,CAN
469,CAPR
470,CAR
471,CARA
472,CARE
473,CARG
474,CARV
475,CASA
476,CASH
477,CASI
478,CASS
479,CASY
480,CATB
481,CATC
482,CATM
483,CATY
484,CBAN
485,CBAT
486,CBAY
487,CBFV
488,CBIO
489,CBLI
490,CBMB
491,CBMG
492,CBNK
493,CBPO
494,CBRL
495,CBSH
496,CBTX
497,CCAP
498,CCBG
499,CCCC
500,CCD
501,CCLP
502,CCMP
503,CCNC
504,CCNE
505,CCOI
506,CCRC
507,CCRN
508,CCXI
509,CD
510,CDAK
511,CDEV
512,CDK
513,CDLX
514,CDMO
515,CDNA
516,CDNS
517,CDTX
518,CDW
519,CDXC
520,CDXS
521,CDZI
522,CECE
523,CELC
524,CELH
525,CEMI
526,CENT
527,CENTA
528,CENX
529,CERC
530,CERE
531,CERN
532,CERS
533,CERT
534,CETX
535,CEVA
536,CFAC
537,CFACU
538,CFB
539,CFBK
540,CFFI
541,CFFN
542,CFFVU
543,CFIIU
544,CFIVU
545,CFMS
546,CFRX
547,CG
548,CGBD
549,CGC
550,CGEM
551,CGEN
552,CGIX
553,CGNT
554,CGNX
555,CGO
556,CGRO
557,CGROU
558,CHCI
559,CHCO
560,CHDN
561,CHEF
562,CHEK
563,CHFS
564,CHI
565,CHKP
566,CHMA
567,CHMG
568,CHNG
569,CHNR
570,CHPM
571,CHRS
572,CHRW
573,CHSCL
574,CHSCM
575,CHSCN
576,CHSCO
577,CHSCP
578,CHTR
579,CHUY
580,CHW
581,CHX
582,CHY
583,CIDM
584,CIGI
585,CIH
586,CIIC
587,CINF
588,CIVB
589,CIZN
590,CJJD
591,CKPT
592,CLAR
593,CLBK
594,CLBS
595,CLCT
596,CLDX
597,CLEU
598,CLFD
599,CLGN
600,CLIR
601,CLLS
602,CLMT
603,CLNE
604,CLNN
605,CLOV
606,CLPS
607,CLPT
608,CLRB
609,CLRO
610,CLSD
611,CLSK
612,CLSN
613,CLVR
614,CLVS
615,CLWT
616,CLXT
617,CMBM
618,CMCO
619,CMCSA
620,CMCT
621,CME
622,CMLFU
623,CMLS
624,CMPI
625,CMPR
626,CMPS
627,CMRX
628,CMTL
629,CNBKA
630,CNCE
631,CNDT
632,CNET
633,CNFR
634,CNOB
635,CNSL
636,CNSP
637,CNST
638,CNTG
639,CNTY
640,CNXC
641,CNXN
642,COCP
643,CODA
644,CODX
645,COGT
646,COHR
647,COHU
648,COKE
649,COLB
650,COLL
651,COLM
652,COMM
653,COMS
654,CONE
655,CONN
656,CONX
657,CONXU
658,COOP
659,CORE
660,CORT
661,COST
662,COUP
663,COWN
664,CPAH
665,CPHC
666,CPIX
667,CPLP
668,CPRT
669,CPRX
670,CPSH
671,CPSI
672,CPSS
673,CPST
674,CPTA
675,CRAI
676,CRBP
677,CRDF
678,CREE
679,CREG
680,CRESY
681,CREX
682,CRIS
683,CRMD
684,CRMT
685,CRNC
686,CRNT
687,CRNX
688,CRON
689,CROX
690,CRSA
691,CRSP
692,CRSR
693,CRTD
694,CRTO
695,CRTX
696,CRUS
697,CRVL
698,CRVS
699,CRWD
700,CRWS
701,CSBR
702,CSCO
703,CSCW
704,CSGP
705,CSGS
706,CSII
707,CSIQ
708,CSOD
709,CSPI
710,CSQ
711,CSSE
712,CSTE
713,CSTL
714,CSTR
715,CSWC
716,CSWI
717,CSX
718,CTAQU
719,CTAS
720,CTBI
721,CTG
722,CTHR
723,CTIB
724,CTIC
725,CTMX
726,CTRE
727,CTRM
728,CTRN
729,CTSH
730,CTSO
731,CTXR
732,CTXS
733,CUBA
734,CUE
735,CURI
736,CUTR
737,CVAC
738,CVBF
739,CVCO
740,CVCY
741,CVET
742,CVGI
743,CVGW
744,CVLB
745,CVLG
746,CVLT
747,CVLY
748,CVV
749,CWBC
750,CWBR
751,CWCO
752,CWST
753,CXDC
754,CXDO
755,CYAD
756,CYAN
757,CYBE
758,CYBR
759,CYCC
760,CYCN
761,CYRN
762,CYRX
763,CYTH
764,CYTK
765,CZNC
766,CZR
767,CZWI
768,DADA
769,DAIO
770,DAKT
771,DARE
772,DBDR
773,DBVT
774,DBX
775,DCBO
776,DCOM
777,DCPH
778,DCRB
779,DCRBU
780,DCT
781,DCTH
782,DDMX
783,DDMXU
784,DDOG
785,DENN
786,DFFN
787,DFH
788,DGICA
789,DGII
790,DGLY
791,DGNS
792,DHC
793,DHIL
794,DIOD
795,DISCA
796,DISCK
797,DISH
798,DJCO
799,DKNG
800,DLCAU
801,DLHC
802,DLPN
803,DLTH
804,DLTR
805,DMAC
806,DMLP
807,DMRC
808,DMTK
809,DNLI
810,DOCU
811,DOGZ
812,DOMO
813,DOOO
814,DORM
815,DOX
816,DOYU
817,DRIO
818,DRNA
819,DRRX
820,DRTT
821,DRVN
822,DSAC
823,DSACU
824,DSGX
825,DSKE
826,DSPG
827,DSWL
828,DTEA
829,DTIL
830,DTSS
831,DUNEU
832,DUO
833,DUOT
834,DVAX
835,DWSN
836,DXCM
837,DXPE
838,DXYN
839,DYAI
840,DYN
841,DYNT
842,DZSI
843,EA
844,EACPU
845,EAR
846,EARS
847,EAST
848,EBAY
849,EBC
850,EBIX
851,EBMT
852,EBON
853,EBSB
854,EBTC
855,ECHO
856,ECOL
857,ECOR
858,ECPG
859,EDAP
860,EDIT
861,EDRY
862,EDSA
863,EDTK
864,EDTXU
865,EDUC
866,EEFT
867,EFOI
868,EFSC
869,EGAN
870,EGBN
871,EGLE
872,EGOV
873,EGRX
874,EH
875,EHTH
876,EIGI
877,EIGR
878,EKSO
879,ELDN
880,ELOX
881,ELSE
882,ELTK
883,ELYS
884,EMCF
885,EMKR
886,EML
887,ENDP
888,ENFAU
889,ENG
890,ENLV
891,ENOB
892,ENPH
893,ENSG
894,ENTA
895,ENTG
896,ENTX
897,ENVB
898,ENVIU
899,EOLS
900,EOSE
901,EPAY
902,EPIX
903,EPSN
904,EPZM
905,EQ
906,EQBK
907,EQIX
908,EQOS
909,ERESU
910,ERIC
911,ERIE
912,ERII
913,ERYP
914,ESBK
915,ESCA
916,ESEA
917,ESGR
918,ESLT
919,ESPR
920,ESQ
921,ESSA
922,ESTA
923,ESXB
924,ETAC
925,ETACU
926,ETNB
927,ETON
928,ETSY
929,ETTX
930,EUCRU
931,EVBG
932,EVER
933,EVFM
934,EVGN
935,EVK
936,EVLO
937,EVOK
938,EVOL
939,EVOP
940,EWBC
941,EXAS
942,EXC
943,EXEL
944,EXFO
945,EXLS
946,EXPC
947,EXPD
948,EXPE
949,EXPI
950,EXPO
951,EXTR
952,EYE
953,EYEG
954,EYEN
955,EYES
956,EYPT
957,EZGO
958,EZPW
959,FAMI
960,FANG
961,FANH
962,FARM
963,FARO
964,FAST
965,FAT
966,FATE
967,FB
968,FBIO
969,FBIZ
970,FBMS
971,FBNC
972,FBRX
973,FBSS
974,FCACU
975,FCAP
976,FCBC
977,FCBP
978,FCCO
979,FCCY
980,FCEL
981,FCFS
982,FCNCA
983,FCNCP
984,FCRD
985,FDMT
986,FDUS
987,FEIM
988,FELE
989,FENC
990,FEYE
991,FFBC
992,FFBW
993,FFHL
994,FFIC
995,FFIN
996,FFIV
997,FFNW
998,FFWM
999,FGBI
1000,FGEN
1001,FGF
1002,FHB
1003,FHTX
1004,FIBK
1005,FIII
1006,FIIIU
1007,FINMU
1008,FISI
1009,FISV
1010,FITB
1011,FIVE
1012,FIVN
1013,FIXX
1014,FIZZ
1015,FLDM
1016,FLEX
1017,FLGT
1018,FLIC
1019,FLIR
1020,FLL
1021,FLMN
1022,FLNT
1023,FLUX
1024,FLWS
1025,FLXN
1026,FLXS
1027,FMAO
1028,FMBH
1029,FMBI
1030,FMNB
1031,FMTX
1032,FNCB
1033,FNHC
1034,FNKO
1035,FNLC
1036,FNWB
1037,FOCS
1038,FOLD
1039,FONR
1040,FORD
1041,FORM
1042,FORR
1043,FORTY
1044,FOSL
1045,FOX
1046,FOXA
1047,FOXF
1048,FOXWU
1049,FPAY
1050,FPRX
1051,FRBA
1052,FRBK
1053,FREE
1054,FREQ
1055,FRG
1056,FRGI
1057,FRHC
1058,FRLN
1059,FRME
1060,FROG
1061,FRPH
1062,FRPT
1063,FRSX
1064,FRTA
1065,FSBW
1066,FSDC
1067,FSFG
1068,FSLR
1069,FSRV
1070,FSSIU
1071,FSTR
1072,FSTX
1073,FSV
1074,FTCV
1075,FTCVU
1076,FTDR
1077,FTEK
1078,FTFT
1079,FTHM
1080,FTIV
1081,FTIVU
1082,FTNT
1083,FTOC
1084,FTOCU
1085,FULC
1086,FULT
1087,FUNC
1088,FUND
1089,FUSN
1090,FUTU
1091,FUV
1092,FVAM
1093,FVCB
1094,FVE
1095,FWONA
1096,FWONK
1097,FWP
1098,FWRD
1099,GABC
1100,GAIA
1101,GAIN
1102,GALT
1103,GAN
1104,GASS
1105,GBCI
1106,GBDC
1107,GBIO
1108,GBLI
1109,GBNY
1110,GBS
1111,GBT
1112,GCACU
1113,GCBC
1114,GDEN
1115,GDRX
1116,GDS
1117,GDYN
1118,GECC
1119,GENC
1120,GENE
1121,GEOS
1122,GERN
1123,GEVO
1124,GFED
1125,GFN
1126,GGAL
1127,GH
1128,GHSI
1129,GIFI
1130,GIGM
1131,GIII
1132,GILD
1133,GILT
1134,GLAD
1135,GLBS
1136,GLBZ
1137,GLDD
1138,GLG
1139,GLMD
1140,GLNG
1141,GLPG
1142,GLPI
1143,GLRE
1144,GLSI
1145,GLTO
1146,GLUU
1147,GLYC
1148,GMAB
1149,GMBL
1150,GMDA
1151,GMIIU
1152,GMLP
1153,GNCA
1154,GNFT
1155,GNLN
1156,GNMK
1157,GNOG
1158,GNPX
1159,GNRS
1160,GNSS
1161,GNTX
1162,GNTY
1163,GNUS
1164,GO
1165,GOCO
1166,GOEV
1167,GOGL
1168,GOGO
1169,GOOD
1170,GOOG
1171,GOOGL
1172,GOSS
1173,GOVX
1174,GP
1175,GPP
1176,GPRE
1177,GPRO
1178,GRAY
1179,GRBK
1180,GRCL
1181,GRFS
1182,GRIL
1183,GRIN
1184,GRMN
1185,GRNQ
1186,GROW
1187,GRPN
1188,GRSV
1189,GRSVU
1190,GRTS
1191,GRTX
1192,GRVY
1193,GRWG
1194,GSAQU
1195,GSBC
1196,GSHD
1197,GSIT
1198,GSKY
1199,GSM
1200,GSMG
1201,GSUM
1202,GT
1203,GTEC
1204,GTH
1205,GTHX
1206,GTIM
1207,GTYH
1208,GURE
1209,GVP
1210,GWAC
1211,GWGH
1212,GWPH
1213,GWRS
1214,GYRO
1215,HA
1216,HAAC
1217,HAACU
1218,HAFC
1219,HAIN
1220,HALL
1221,HALO
1222,HAPP
1223,HARP
1224,HAS
1225,HAYN
1226,HBAN
1227,HBCP
1228,HBIO
1229,HBMD
1230,HBNC
1231,HBP
1232,HBT
1233,HCAP
1234,HCAQ
1235,HCAR
1236,HCARU
1237,HCAT
1238,HCCCU
1239,HCCI
1240,HCDI
1241,HCICU
1242,HCIIU
1243,HCKT
1244,HCM
1245,HCSG
1246,HDSN
1247,HEAR
1248,HEC
1249,HECCU
1250,HEES
1251,HELE
1252,HEPA
1253,HFBL
1254,HFEN
1255,HFFG
1256,HFWA
1257,HGBL
1258,HGEN
1259,HGSH
1260,HHR
1261,HIBB
1262,HIFS
1263,HIHO
1264,HIMX
1265,HJLI
1266,HLAHU
1267,HLG
1268,HLIO
1269,HLIT
1270,HLNE
1271,HLXA
1272,HMCOU
1273,HMHC
1274,HMNF
1275,HMPT
1276,HMST
1277,HMSY
1278,HMTV
1279,HNNA
1280,HNRG
1281,HOFT
1282,HOFV
1283,HOL
1284,HOLI
1285,HOLUU
1286,HOLX
1287,HOMB
1288,HONE
1289,HOOK
1290,HOPE
1291,HOTH
1292,HOVNP
1293,HQI
1294,HQY
1295,HRMY
1296,HROW
1297,HRTX
1298,HRZN
1299,HSAQ
1300,HSDT
1301,HSIC
1302,HSII
1303,HSKA
1304,HSON
1305,HST
1306,HSTM
1307,HSTO
1308,HTBI
1309,HTBK
1310,HTBX
1311,HTGM
1312,HTHT
1313,HTLD
1314,HTLF
1315,HTOO
1316,HUBG
1317,HUDI
1318,HUGE
1319,HUIZ
1320,HURC
1321,HURN
1322,HUSN
1323,HWBK
1324,HWC
1325,HWCC
1326,HWKN
1327,HX
1328,HYFM
1329,HYMC
1330,HYRE
1331,HZNP
1332,IAC
1333,IART
1334,IBCP
1335,IBEX
1336,IBKR
1337,IBOC
1338,IBTX
1339,ICAD
1340,ICBK
1341,ICCC
1342,ICFI
1343,ICHR
1344,ICLK
1345,ICLR
1346,ICMB
1347,ICON
1348,ICPT
1349,ICUI
1350,IDCC
1351,IDEX
1352,IDN
1353,IDRA
1354,IDXG
1355,IDXX
1356,IDYA
1357,IEA
1358,IEC
1359,IEP
1360,IESC
1361,IFMK
1362,IFRX
1363,IGAC
1364,IGMS
1365,IGNYU
1366,IHRT
1367,III
1368,IIIIU
1369,IIIN
1370,IIIV
1371,IIN
1372,IIVI
1373,IKNX
1374,IKT
1375,ILMN
1376,ILPT
1377,IMAB
1378,IMAC
1379,IMBI
1380,IMGN
1381,IMKTA
1382,IMMP
1383,IMMR
1384,IMNM
1385,IMOS
1386,IMRA
1387,IMRN
1388,IMTE
1389,IMTX
1390,IMUX
1391,IMV
1392,IMVT
1393,IMXI
1394,INAQ
1395,INBK
1396,INBX
1397,INCY
1398,INDB
1399,INFI
1400,INFN
1401,INGN
1402,INM
1403,INMB
1404,INMD
1405,INO
1406,INOD
1407,INOV
1408,INPX
1409,INSE
1410,INSG
1411,INSM
1412,INTC
1413,INTG
1414,INTU
1415,INTZ
1416,INVA
1417,INVE
1418,INZY
1419,IONS
1420,IOSP
1421,IOVA
1422,IPA
1423,IPAR
1424,IPDN
1425,IPGP
1426,IPHA
1427,IPHI
1428,IPLDP
1429,IPWR
1430,IQ
1431,IRBT
1432,IRCP
1433,IRDM
1434,IRIX
1435,IRMD
1436,IROQ
1437,IRTC
1438,IRWD
1439,ISBC
1440,ISEE
1441,ISIG
1442,ISNS
1443,ISRG
1444,ISSC
1445,ISTR
1446,ISUN
1447,ITACU
1448,ITCI
1449,ITHXU
1450,ITI
1451,ITIC
1452,ITMR
1453,ITOS
1454,ITRI
1455,ITRM
1456,ITRN
1457,IVA
1458,IVAC
1459,IZEA
1460,JACK
1461,JAGX
1462,JAKK
1463,JAMF
1464,JAN
1465,JAZZ
1466,JBHT
1467,JBLU
1468,JBSS
1469,JCICU
1470,JCOM
1471,JCS
1472,JCTCF
1473,JD
1474,JFIN
1475,JFU
1476,JG
1477,JJSF
1478,JKHY
1479,JNCE
1480,JOBS
1481,JOUT
1482,JRJC
1483,JRSH
1484,JRVR
1485,JUPW
1486,JVA
1487,JYAC
1488,JYNT
1489,KAIRU
1490,KALA
1491,KALU
1492,KALV
1493,KBAL
1494,KBNT
1495,KBSF
1496,KC
1497,KDMN
1498,KDNY
1499,KDP
1500,KE
1501,KELYA
1502,KEQU
1503,KERN
1504,KFFB
1505,KFRC
1506,KHC
1507,KIDS
1508,KIN
1509,KINS
1510,KINZU
1511,KIRK
1512,KLAC
1513,KLAQU
1514,KLDO
1515,KLIC
1516,KLXE
1517,KMDA
1518,KMPH
1519,KNDI
1520,KNSA
1521,KNSL
1522,KNTE
1523,KOD
1524,KOPN
1525,KOR
1526,KOSS
1527,KPTI
1528,KRKR
1529,KRMD
1530,KRNT
1531,KRNY
1532,KRON
1533,KROS
1534,KRTX
1535,KRUS
1536,KRYS
1537,KSMTU
1538,KSPN
1539,KTCC
1540,KTOS
1541,KTRA
1542,KURA
1543,KVHI
1544,KXIN
1545,KYMR
1546,KZIA
1547,KZR
1548,LACQ
1549,LAKE
1550,LAMR
1551,LANC
1552,LAND
1553,LANDM
1554,LANDO
1555,LARK
1556,LASR
1557,LATN
1558,LAUR
1559,LAWS
1560,LAZR
1561,LAZY
1562,LBAI
1563,LBC
1564,LBRDA
1565,LBRDK
1566,LBTYA
1567,LBTYK
1568,LCNB
1569,LCUT
1570,LCY
1571,LCYAU
1572,LE
1573,LECO
1574,LEDS
1575,LEGH
1576,LEGN
1577,LEGOU
1578,LESL
1579,LEVL
1580,LEXX
1581,LFTR
1582,LFTRU
1583,LFUS
1584,LFVN
1585,LGHL
1586,LGIH
1587,LGND
1588,LHCG
1589,LI
1590,LIFE
1591,LILA
1592,LILAK
1593,LINC
1594,LIND
1595,LIQT
1596,LITE
1597,LIVE
1598,LIVN
1599,LIVX
1600,LIZI
1601,LJAQU
1602,LJPC
1603,LKCO
1604,LKFN
1605,LKQ
1606,LLIT
1607,LLNW
1608,LMACU
1609,LMAT
1610,LMB
1611,LMFA
1612,LMNL
1613,LMNR
1614,LMNX
1615,LMPX
1616,LMRK
1617,LNDC
1618,LNSR
1619,LNT
1620,LNTH
1621,LOAC
1622,LOAN
1623,LOB
1624,LOCO
1625,LOGC
1626,LOGI
1627,LOOP
1628,LOPE
1629,LORL
1630,LOTZ
1631,LOVE
1632,LPCN
1633,LPLA
1634,LPRO
1635,LPSN
1636,LPTH
1637,LPTX
1638,LQDA
1639,LQDT
1640,LRCX
1641,LRMR
1642,LSAQ
1643,LSBK
1644,LSCC
1645,LSEA
1646,LSTR
1647,LSXMA
1648,LSXMK
1649,LTBR
1650,LTRN
1651,LTRPA
1652,LTRPB
1653,LTRX
1654,LULU
1655,LUMO
1656,LUNA
1657,LUNG
1658,LUXAU
1659,LWACU
1660,LWAY
1661,LX
1662,LXEH
1663,LXRX
1664,LYFT
1665,LYL
1666,LYRA
1667,LYTS
1668,MAAC
1669,MAACU
1670,MACK
1671,MACUU
1672,MAGS
1673,MANH
1674,MANT
1675,MAR
1676,MARA
1677,MARK
1678,MARPS
1679,MASI
1680,MASS
1681,MAT
1682,MATW
1683,MAXN
1684,MAYS
1685,MBII
1686,MBIN
1687,MBIO
1688,MBNKP
1689,MBOT
1690,MBRX
1691,MBUU
1692,MBWM
1693,MCAC
1694,MCADU
1695,MCBC
1696,MCBS
1697,MCFE
1698,MCFT
1699,MCHP
1700,MCHX
1701,MCRB
1702,MCRI
1703,MDB
1704,MDCA
1705,MDGL
1706,MDGS
1707,MDIA
1708,MDJH
1709,MDLZ
1710,MDNA
1711,MDRR
1712,MDRX
1713,MDVL
1714,MDWD
1715,MDXG
1716,MEDP
1717,MEDS
1718,MEIP
1719,MELI
1720,MEOH
1721,MERC
1722,MESA
1723,MESO
1724,METC
1725,METX
1726,MFH
1727,MFIN
1728,MFNC
1729,MGEE
1730,MGI
1731,MGIC
1732,MGLN
1733,MGNI
1734,MGNX
1735,MGPI
1736,MGRC
1737,MGTA
1738,MGTX
1739,MGYR
1740,MHLD
1741,MICT
1742,MIDD
1743,MIK
1744,MIME
1745,MIND
1746,MIRM
1747,MIST
1748,MITK
1749,MITO
1750,MKD
1751,MKGI
1752,MKSI
1753,MKTX
1754,MLAB
1755,MLAC
1756,MLCO
1757,MLHR
1758,MLND
1759,MLVF
1760,MMAC
1761,MMLP
1762,MMSI
1763,MMYT
1764,MNDO
1765,MNKD
1766,MNOV
1767,MNPR
1768,MNRO
1769,MNSB
1770,MNST
1771,MNTK
1772,MNTX
1773,MODV
1774,MOFG
1775,MOGO
1776,MOHO
1777,MOMO
1778,MOR
1779,MORF
1780,MORN
1781,MOSY
1782,MOTNU
1783,MOTS
1784,MOXC
1785,MPAA
1786,MPB
1787,MPWR
1788,MRAM
1789,MRCC
1790,MRCY
1791,MREO
1792,MRIN
1793,MRKR
1794,MRLN
1795,MRM
1796,MRNA
1797,MRNS
1798,MRSN
1799,MRTN
1800,MRTX
1801,MRUS
1802,MRVI
1803,MRVL
1804,MSBI
1805,MSEX
1806,MSFT
1807,MSGM
1808,MSON
1809,MSTR
1810,MSVB
1811,MTACU
1812,MTBC
1813,MTC
1814,MTCH
1815,MTCR
1816,MTEM
1817,MTEX
1818,MTLS
1819,MTP
1820,MTRX
1821,MTSC
1822,MTSI
1823,MTSL
1824,MU
1825,MVBF
1826,MVIS
1827,MWK
1828,MXIM
1829,MYFW
1830,MYGN
1831,MYRG
1832,MYSZ
1833,MYT
1834,NAACU
1835,NAII
1836,NAKD
1837,NAOV
1838,NARI
1839,NATH
1840,NATI
1841,NATR
1842,NAVI
1843,NBAC
1844,NBEV
1845,NBIX
1846,NBLX
1847,NBN
1848,NBRV
1849,NBSE
1850,NBTB
1851,NBTX
1852,NCBS
1853,NCMI
1854,NCNA
1855,NCNO
1856,NCSM
1857,NCTY
1858,NDAQ
1859,NDLS
1860,NDRA
1861,NDSN
1862,NEBCU
1863,NEO
1864,NEOG
1865,NEON
1866,NEOS
1867,NEPH
1868,NEPT
1869,NERV
1870,NESR
1871,NETE
1872,NEWA
1873,NEWT
1874,NEXT
1875,NFBK
1876,NFE
1877,NFLX
1878,NGACU
1879,NGM
1880,NGMS
1881,NH
1882,NHIC
1883,NHICU
1884,NHLD
1885,NHTC
1886,NICE
1887,NICK
1888,NISN
1889,NIU
1890,NK
1891,NKLA
1892,NKSH
1893,NKTR
1894,NKTX
1895,NLOK
1896,NLTX
1897,NMCI
1898,NMFC
1899,NMIH
1900,NMRD
1901,NMRK
1902,NMTR
1903,NNBR
1904,NNDM
1905,NNOX
1906,NOACU
1907,NODK
1908,NOVN
1909,NOVT
1910,NPAUU
1911,NRBO
1912,NRC
1913,NRIM
1914,NRIX
1915,NSEC
1916,NSIT
1917,NSSC
1918,NSTG
1919,NSYS
1920,NTAP
1921,NTCT
1922,NTEC
1923,NTES
1924,NTGR
1925,NTIC
1926,NTLA
1927,NTNX
1928,NTRA
1929,NTRS
1930,NTUS
1931,NTWK
1932,NUAN
1933,NURO
1934,NUVA
1935,NUZE
1936,NVAX
1937,NVCN
1938,NVCR
1939,NVDA
1940,NVEC
1941,NVEE
1942,NVFY
1943,NVIV
1944,NVMI
1945,NWBI
1946,NWE
1947,NWFL
1948,NWL
1949,NWLI
1950,NWPX
1951,NWS
1952,NWSA
1953,NXGN
1954,NXPI
1955,NXST
1956,NXTC
1957,NXTD
1958,NYMT
1959,NYMX
1960,OAS
1961,OBAS
1962,OBCI
1963,OBLN
1964,OBNK
1965,OBSV
1966,OCAXU
1967,OCC
1968,OCCI
1969,OCDX
1970,OCFC
1971,OCG
1972,OCGN
1973,OCSI
1974,OCSL
1975,OCUL
1976,OCUP
1977,ODFL
1978,ODP
1979,ODT
1980,OEG
1981,OESX
1982,OFED
1983,OFIX
1984,OFLX
1985,OFS
1986,OGI
1987,OIIM
1988,OKTA
1989,OLB
1990,OLED
1991,OLLI
1992,OLMA
1993,OM
1994,OMAB
1995,OMCL
1996,OMEG
1997,OMER
1998,OMEX
1999,OMP
2000,ON
2001,ONB
2002,ONCR
2003,ONCS
2004,ONCT
2005,ONCY
2006,ONDS
2007,ONEM
2008,ONEW
2009,ONTX
2010,ONVO
2011,OPBK
2012,OPCH
2013,OPEN
2014,OPGN
2015,OPHC
2016,OPI
2017,OPK
2018,OPNT
2019,OPOF
2020,OPRA
2021,OPRT
2022,OPRX
2023,OPT
2024,OPTN
2025,OPTT
2026,ORBC
2027,ORGO
2028,ORGS
2029,ORIC
2030,ORLY
2031,ORMP
2032,ORPH
2033,ORRF
2034,ORTX
2035,OSBC
2036,OSIS
2037,OSMT
2038,OSN
2039,OSPN
2040,OSS
2041,OSTK
2042,OSTRU
2043,OSUR
2044,OSW
2045,OTEL
2046,OTEX
2047,OTIC
2048,OTLK
2049,OTRK
2050,OTTR
2051,OVBC
2052,OVID
2053,OVLY
2054,OXBR
2055,OXFD
2056,OXLC
2057,OXSQ
2058,OYST
2059,OZK
2060,OZON
2061,PAA
2062,PAAS
2063,PACB
2064,PACW
2065,PAE
2066,PAGP
2067,PAHC
2068,PAICU
2069,PAND
2070,PANL
2071,PASG
2072,PATI
2073,PATK
2074,PAVM
2075,PAX
2076,PAYA
2077,PAYS
2078,PAYX
2079,PBCT
2080,PBFS
2081,PBHC
2082,PBIP
2083,PBLA
2084,PBPB
2085,PBTS
2086,PBYI
2087,PCAR
2088,PCB
2089,PCH
2090,PCOM
2091,PCRX
2092,PCSA
2093,PCSB
2094,PCTI
2095,PCTY
2096,PCVX
2097,PCYG
2098,PCYO
2099,PDCE
2100,PDCO
2101,PDD
2102,PDEX
2103,PDFS
2104,PDLB
2105,PDSB
2106,PEBK
2107,PEBO
2108,PEGA
2109,PENN
2110,PEP
2111,PERI
2112,PESI
2113,PETQ
2114,PETS
2115,PETZ
2116,PFBC
2117,PFBI
2118,PFC
2119,PFG
2120,PFHD
2121,PFIE
2122,PFIN
2123,PFIS
2124,PFLT
2125,PFMT
2126,PFPT
2127,PFSW
2128,PGC
2129,PGEN
2130,PGNY
2131,PHAR
2132,PHAS
2133,PHAT
2134,PHCF
2135,PHICU
2136,PHIO
2137,PHUN
2138,PI
2139,PICO
2140,PINC
2141,PIRS
2142,PIXY
2143,PKBK
2144,PKOH
2145,PLAB
2146,PLAY
2147,PLBC
2148,PLCE
2149,PLIN
2150,PLL
2151,PLMR
2152,PLPC
2153,PLRX
2154,PLSE
2155,PLTK
2156,PLUG
2157,PLUS
2158,PLXP
2159,PLXS
2160,PLYA
2161,PMBC
2162,PMD
2163,PME
2164,PMVP
2165,PNBK
2166,PNFP
2167,PNNT
2168,PNRG
2169,PNTG
2170,POAI
2171,PODD
2172,POLA
2173,POOL
2174,POSH
2175,POWI
2176,POWL
2177,POWRU
2178,POWW
2179,PPBI
2180,PPBT
2181,PPC
2182,PPD
2183,PPIH
2184,PPSI
2185,PRAA
2186,PRAH
2187,PRAX
2188,PRCH
2189,PRDO
2190,PRFT
2191,PRFX
2192,PRGS
2193,PRGX
2194,PRIM
2195,PRLD
2196,PROF
2197,PROG
2198,PROV
2199,PRPH
2200,PRPL
2201,PRPO
2202,PRQR
2203,PRTA
2204,PRTH
2205,PRTK
2206,PRTS
2207,PRVB
2208,PS
2209,PSAC
2210,PSEC
2211,PSHG
2212,PSMT
2213,PSNL
2214,PSTI
2215,PSTV
2216,PSTX
2217,PT
2218,PTC
2219,PTCT
2220,PTE
2221,PTEN
2222,PTGX
2223,PTICU
2224,PTMN
2225,PTNR
2226,PTON
2227,PTPI
2228,PTSI
2229,PTVCB
2230,PTVE
2231,PUBM
2232,PULM
2233,PUYI
2234,PVAC
2235,PVBC
2236,PWFL
2237,PWOD
2238,PXLW
2239,PXS
2240,PYPD
2241,PYPL
2242,PZZA
2243,QADA
2244,QCOM
2245,QCRH
2246,QDEL
2247,QELL
2248,QELLU
2249,QFIN
2250,QH
2251,QIWI
2252,QK
2253,QLGN
2254,QLI
2255,QLYS
2256,QMCO
2257,QNST
2258,QQQX
2259,QRHC
2260,QRTEA
2261,QRTEB
2262,QRTEP
2263,QRVO
2264,QTNT
2265,QTRX
2266,QTT
2267,QUIK
2268,QUMU
2269,QURE
2270,RACA
2271,RADA
2272,RADI
2273,RAIL
2274,RAND
2275,RAPT
2276,RARE
2277,RAVE
2278,RAVN
2279,RBB
2280,RBBN
2281,RBCAA
2282,RBCN
2283,RBNC
2284,RCEL
2285,RCHG
2286,RCHGU
2287,RCII
2288,RCKT
2289,RCKY
2290,RCM
2291,RCMT
2292,RCON
2293,RDCM
2294,RDFN
2295,RDHL
2296,RDI
2297,RDNT
2298,RDUS
2299,RDVT
2300,RDWR
2301,REAL
2302,REDU
2303,REED
2304,REFR
2305,REG
2306,REGI
2307,REGN
2308,REKR
2309,RELL
2310,REPH
2311,REPL
2312,RESN
2313,RETA
2314,RETO
2315,REYN
2316,RFIL
2317,RGCO
2318,RGEN
2319,RGLD
2320,RGLS
2321,RGNX
2322,RGP
2323,RIBT
2324,RICK
2325,RIDE
2326,RIGL
2327,RILY
2328,RIOT
2329,RKDA
2330,RLAY
2331,RLMD
2332,RMBI
2333,RMBL
2334,RMBS
2335,RMCF
2336,RMGBU
2337,RMNI
2338,RMR
2339,RMRM
2340,RMTI
2341,RNA
2342,RNET
2343,RNLX
2344,RNST
2345,RNWK
2346,ROAD
2347,ROCC
2348,ROCCU
2349,ROCK
2350,ROIC
2351,ROKU
2352,ROLL
2353,ROOT
2354,ROST
2355,RP
2356,RPAY
2357,RPD
2358,RPRX
2359,RPTX
2360,RRBI
2361,RRGB
2362,RRR
2363,RSSS
2364,RSVA
2365,RSVAU
2366,RTLR
2367,RUBY
2368,RUHN
2369,RUN
2370,RUSHA
2371,RUTH
2372,RVMD
2373,RVNC
2374,RVPH
2375,RVSB
2376,RWLK
2377,RXT
2378,RYAAY
2379,RYTM
2380,RZLT
2381,SABR
2382,SAFM
2383,SAFT
2384,SAGE
2385,SAIA
2386,SAII
2387,SAL
2388,SALM
2389,SAMG
2390,SANM
2391,SANW
2392,SASR
2393,SATS
2394,SAVA
2395,SBAC
2396,SBBP
2397,SBCF
2398,SBFG
2399,SBGI
2400,SBLK
2401,SBNY
2402,SBNYP
2403,SBRA
2404,SBSI
2405,SBT
2406,SBTX
2407,SBUX
2408,SCHL
2409,SCHN
2410,SCKT
2411,SCOR
2412,SCPH
2413,SCPL
2414,SCPS
2415,SCSC
2416,SCVL
2417,SCWX
2418,SCYX
2419,SDC
2420,SDGR
2421,SEAC
2422,SECO
2423,SEDG
2424,SEED
2425,SEEL
2426,SEER
2427,SEIC
2428,SELB
2429,SELF
2430,SENEA
2431,SESN
2432,SFBC
2433,SFBS
2434,SFET
2435,SFIX
2436,SFM
2437,SFNC
2438,SFST
2439,SFT
2440,SG
2441,SGA
2442,SGAM
2443,SGAMU
2444,SGBX
2445,SGC
2446,SGEN
2447,SGH
2448,SGLB
2449,SGMA
2450,SGMO
2451,SGMS
2452,SGOC
2453,SGRP
2454,SGRY
2455,SGTX
2456,SHACU
2457,SHBI
2458,SHC
2459,SHEN
2460,SHIP
2461,SHLS
2462,SHOO
2463,SHSP
2464,SHYF
2465,SIBN
2466,SIC
2467,SIEB
2468,SIEN
2469,SIFY
2470,SIGA
2471,SIGI
2472,SIGIP
2473,SILC
2474,SILK
2475,SIMO
2476,SINA
2477,SINO
2478,SINT
2479,SIOX
2480,SIRI
2481,SITM
2482,SIVB
2483,SJ
2484,SKYW
2485,SLAB
2486,SLCRU
2487,SLCT
2488,SLDB
2489,SLGG
2490,SLGL
2491,SLGN
2492,SLM
2493,SLNO
2494,SLP
2495,SLRC
2496,SLRX
2497,SLS
2498,SMBC
2499,SMBK
2500,SMCI
2501,SMED
2502,SMIT
2503,SMMF
2504,SMMT
2505,SMPL
2506,SMSI
2507,SMTC
2508,SMTX
2509,SNBR
2510,SNCA
2511,SNCR
2512,SND
2513,SNDE
2514,SNDL
2515,SNDX
2516,SNES
2517,SNEX
2518,SNFCA
2519,SNGX
2520,SNOA
2521,SNPS
2522,SNRHU
2523,SNSS
2524,SNY
2525,SOHO
2526,SOHU
2527,SOLO
2528,SOLY
2529,SONA
2530,SONM
2531,SONN
2532,SONO
2533,SP
2534,SPCB
2535,SPFI
2536,SPI
2537,SPKE
2538,SPLK
2539,SPNE
2540,SPNS
2541,SPOK
2542,SPPI
2543,SPRB
2544,SPRO
2545,SPRT
2546,SPSC
2547,SPT
2548,SPTN
2549,SPWH
2550,SPWR
2551,SQBG
2552,SQFT
2553,SRAC
2554,SRACU
2555,SRAX
2556,SRCE
2557,SRCL
2558,SRDX
2559,SREV
2560,SRGA
2561,SRNE
2562,SRPT
2563,SRRA
2564,SRRK
2565,SRSAU
2566,SRTS
2567,SSB
2568,SSBI
2569,SSKN
2570,SSNC
2571,SSNT
2572,SSP
2573,SSPK
2574,SSRM
2575,SSSS
2576,SSTI
2577,SSYS
2578,STAA
2579,STAF
2580,STAY
2581,STBA
2582,STCN
2583,STEP
2584,STFC
2585,STIM
2586,STKL
2587,STKS
2588,STLD
2589,STMP
2590,STND
2591,STNE
2592,STOK
2593,STRA
2594,STRL
2595,STRM
2596,STRO
2597,STRR
2598,STRRP
2599,STRS
2600,STRT
2601,STSA
2602,STTK
2603,STWO
2604,STWOU
2605,STX
2606,STXB
2607,SUMO
2608,SUMR
2609,SUNS
2610,SUNW
2611,SUPN
2612,SURF
2613,SV
2614,SVAC
2615,SVACU
2616,SVBI
2617,SVC
2618,SVFA
2619,SVFAU
2620,SVMK
2621,SVOKU
2622,SVRA
2623,SVSVU
2624,SVVC
2625,SWAV
2626,SWBI
2627,SWIR
2628,SWKS
2629,SWTX
2630,SXTC
2631,SY
2632,SYBT
2633,SYBX
2634,SYKE
2635,SYNA
2636,SYNC
2637,SYNH
2638,SYNL
2639,SYPR
2640,SYRS
2641,SYTA
2642,TA
2643,TACO
2644,TACT
2645,TAIT
2646,TANH
2647,TAOP
2648,TARA
2649,TARS
2650,TAST
2651,TATT
2652,TAYD
2653,TBBK
2654,TBIO
2655,TBK
2656,TBLT
2657,TBNK
2658,TBPH
2659,TC
2660,TCBI
2661,TCBK
2662,TCDA
2663,TCF
2664,TCFC
2665,TCMD
2666,TCOM
2667,TCON
2668,TCPC
2669,TCRR
2670,TCX
2671,TDAC
2672,TEAM
2673,TECH
2674,TEDU
2675,TEKK
2676,TELA
2677,TELL
2678,TENB
2679,TENX
2680,TER
2681,TESS
2682,TFFP
2683,TFSL
2684,TGA
2685,TGLS
2686,TGTX
2687,TH
2688,THBR
2689,THCA
2690,THCB
2691,THFF
2692,THMO
2693,THRM
2694,THRY
2695,THTX
2696,TIG
2697,TIGO
2698,TIGR
2699,TILE
2700,TIPT
2701,TIRX
2702,TITN
2703,TLC
2704,TLGT
2705,TLMD
2706,TLND
2707,TLRY
2708,TLS
2709,TLSA
2710,TMDI
2711,TMDX
2712,TMPMU
2713,TMTS
2714,TMUS
2715,TNAV
2716,TNDM
2717,TNXP
2718,TOMZ
2719,TOPS
2720,TOUR
2721,TOWN
2722,TPCO
2723,TPIC
2724,TPTX
2725,TRCH
2726,TREE
2727,TRHC
2728,TRIB
2729,TRIL
2730,TRIP
2731,TRIT
2732,TRMB
2733,TRMD
2734,TRMK
2735,TRMT
2736,TRNS
2737,TROW
2738,TRS
2739,TRST
2740,TRUE
2741,TRUP
2742,TRVG
2743,TRVI
2744,TRVN
2745,TSBK
2746,TSC
2747,TSCO
2748,TSEM
2749,TSHA
2750,TSIA
2751,TSIAU
2752,TSLA
2753,TSRI
2754,TTCF
2755,TTD
2756,TTEC
2757,TTEK
2758,TTGT
2759,TTMI
2760,TTNP
2761,TTOO
2762,TTWO
2763,TURN
2764,TUSK
2765,TVACU
2766,TVTY
2767,TW
2768,TWIN
2769,TWNK
2770,TWOU
2771,TWST
2772,TXG
2773,TXMD
2774,TXN
2775,TXRH
2776,TYHT
2777,TYME
2778,TZOO
2779,TZPSU
2780,UAL
2781,UBCP
2782,UBFO
2783,UBOH
2784,UBSI
2785,UBX
2786,UCBI
2787,UCL
2788,UCTT
2789,UEIC
2790,UEPS
2791,UFCS
2792,UFPI
2793,UFPT
2794,UG
2795,UHAL
2796,UIHC
2797,UK
2798,ULBI
2799,ULH
2800,ULTA
2801,UMBF
2802,UMPQ
2803,UNB
2804,UNIT
2805,UNTY
2806,UONE
2807,UONEK
2808,UPLD
2809,UPST
2810,UPWK
2811,URBN
2812,URGN
2813,UROV
2814,USAK
2815,USAP
2816,USAT
2817,USAU
2818,USCR
2819,USEG
2820,USIO
2821,USLM
2822,USWS
2823,UTHR
2824,UTMD
2825,UTSI
2826,UVSP
2827,UXIN
2828,VACQU
2829,VALU
2830,VBFC
2831,VBIV
2832,VBLT
2833,VBTX
2834,VC
2835,VCEL
2836,VCKAU
2837,VCNX
2838,VCTR
2839,VCVC
2840,VCVCU
2841,VCYT
2842,VECO
2843,VEON
2844,VERB
2845,VERI
2846,VERO
2847,VERU
2848,VERX
2849,VERY
2850,VFF
2851,VG
2852,VIAC
2853,VIAV
2854,VICR
2855,VIE
2856,VINC
2857,VINP
2858,VIOT
2859,VIR
2860,VIRC
2861,VIRI
2862,VIRT
2863,VISL
2864,VITL
2865,VIVE
2866,VIVO
2867,VJET
2868,VKTX
2869,VLDR
2870,VLGEA
2871,VLY
2872,VMACU
2873,VMAR
2874,VMD
2875,VNDA
2876,VNET
2877,VNOM
2878,VOD
2879,VOSOU
2880,VOXX
2881,VRA
2882,VRAY
2883,VRCA
2884,VRDN
2885,VREX
2886,VRM
2887,VRME
2888,VRNA
2889,VRNS
2890,VRNT
2891,VRRM
2892,VRSK
2893,VRSN
2894,VRTS
2895,VRTU
2896,VRTX
2897,VS
2898,VSAT
2899,VSEC
2900,VSPRU
2901,VSTA
2902,VSTM
2903,VTAQU
2904,VTGN
2905,VTIQU
2906,VTNR
2907,VTRS
2908,VTRU
2909,VTSI
2910,VTVT
2911,VUZI
2912,VVOS
2913,VVPR
2914,VXRT
2915,VYGR
2916,VYNE
2917,WABC
2918,WAFD
2919,WAFU
2920,WASH
2921,WATT
2922,WB
2923,WBA
2924,WDAY
2925,WDC
2926,WDFC
2927,WEN
2928,WERN
2929,WETF
2930,WEYS
2931,WHF
2932,WHLM
2933,WHLR
2934,WIFI
2935,WILC
2936,WIMI
2937,WINA
2938,WING
2939,WINT
2940,WIRE
2941,WISA
2942,WISH
2943,WIX
2944,WKEY
2945,WKHS
2946,WLDN
2947,WLFC
2948,WLTW
2949,WMG
2950,WNEB
2951,WNW
2952,WOOF
2953,WORX
2954,WPRT
2955,WRAP
2956,WRLD
2957,WSBC
2958,WSBF
2959,WSC
2960,WSFS
2961,WSTG
2962,WTBA
2963,WTER
2964,WTFC
2965,WTRE
2966,WTRH
2967,WVE
2968,WVFC
2969,WVVI
2970,WW
2971,WWD
2972,WWR
2973,WYNN
2974,XAIR
2975,XBIO
2976,XBIT
2977,XCUR
2978,XEL
2979,XELA
2980,XELB
2981,XENE
2982,XENT
2983,XERS
2984,XFOR
2985,XGN
2986,XLNX
2987,XLRN
2988,XM
2989,XNCR
2990,XNET
2991,XOG
2992,XOMA
2993,XONE
2994,XP
2995,XPEL
2996,XPER
2997,XRAY
2998,XSPA
2999,XTLB
3000,YGMZ
3001,YI
3002,YJ
3003,YMAB
3004,YMTX
3005,YNDX
3006,YORW
3007,YQ
3008,YRCW
3009,YTEN
3010,YTRA
3011,YVR
3012,YY
3013,Z
3014,ZAGG
3015,ZBRA
3016,ZCMD
3017,ZEAL
3018,ZEUS
3019,ZG
3020,ZGNX
3021,ZI
3022,ZION
3023,ZIOP
3024,ZIXI
3025,ZKIN
3026,ZLAB
3027,ZM
3028,ZNGA
3029,ZNTE
3030,ZNTEU
3031,ZNTL
3032,ZS
3033,ZSAN
3034,ZUMZ
3035,ZVO
3036,ZYNE
3037,ZYXI
